{"name": "Harry", "age": 14, 
"dataprojects" : [
{ "ID" : 1, "name" : "Avathar", "url": "https://wwww.fb.com", "youtubeLink" : "dsdsds", "youtubeVediosId": "dfdfdf", "link": "sdsdsdsd"},
{ "ID" : 1, "name" : "Avathar", "url": "https://wwww.fb.com", "youtubeLink" : "dsdsds", "youtubeVediosId": "dfdfdf", "link": "sdsdsdsd"},
{ "ID" : 1, "name" : "Avathar", "url": "https://wwww.fb.com", "youtubeLink" : "dsdsds", "youtubeVediosId": "dfdfdf", "link": "sdsdsdsd"},
{ "ID" : 1, "name" : "Avathar", "url": "https://wwww.fb.com", "youtubeLink" : "dsdsds", "youtubeVediosId": "dfdfdf", "link": "sdsdsdsd"},
{ "ID" : 1, "name" : "Avathar", "url": "https://wwww.fb.com", "youtubeLink" : "dsdsds", "youtubeVediosId": "dfdfdf", "link": "sdsdsdsd"},
{ "ID" : 1, "name" : "Avathar", "url": "https://wwww.fb.com", "youtubeLink" : "dsdsds", "youtubeVediosId": "dfdfdf", "link": "sdsdsdsd"},
{ "ID" : 1, "name" : "Avathar", "url": "https://wwww.fb.com", "youtubeLink" : "dsdsds", "youtubeVediosId": "dfdfdf", "link": "sdsdsdsd"},
{ "ID" : 1, "name" : "Avathar", "url": "https://wwww.fb.com", "youtubeLink" : "dsdsds", "youtubeVediosId": "dfdfdf", "link": "sdsdsdsd"},
{ "ID" : 1, "name" : "Avathar", "url": "https://wwww.fb.com", "youtubeLink" : "dsdsds", "youtubeVediosId": "dfdfdf", "link": "sdsdsdsd"},
{ "ID" : 1, "name" : "Avathar", "url": "https://wwww.fb.com", "youtubeLink" : "dsdsds", "youtubeVediosId": "dfdfdf", "link": "sdsdsdsd"},
{ "ID" : 1, "name" : "Avathar", "url": "https://wwww.fb.com", "youtubeLink" : "dsdsds", "youtubeVediosId": "dfdfdf", "link": "sdsdsdsd"},
{ "ID" : 1, "name" : "Avathar", "url": "https://wwww.fb.com", "youtubeLink" : "dsdsds", "youtubeVediosId": "dfdfdf", "link": "sdsdsdsd"},
{ "ID" : 1, "name" : "Avathar", "url": "https://wwww.fb.com", "youtubeLink" : "dsdsds", "youtubeVediosId": "dfdfdf", "link": "sdsdsdsd"}

]
}
